{
  "$schema": "https://cortex.engard.me/data/cortex_character_schema.json",
  "version": "0.1",
  "id": "7bc5bb85-0196-40b3-b4c7-c533f0ed1bac",
  "dateCreated": "2024-04-12T18:56:03.421Z",
  "dateModified": "2024-04-12T18:56:03.421Z",
  "dateTouched": "2024-04-12T18:56:03.421Z",
  "name": "Architectural Haunt (Troll) D8 D8 D8 D8",
  "game": "",
  "description": null,
  "pronouns": "",
  "traitSets": [
    {
      "name": "Drives",
      "description": "Two goals that often compete with each other for attention.",
      "nounSingular": "Drive",
      "nounPlural": "Distinctions",
      "traits": [
        {
          "name": "Enforce the Rules of My Bridge",
          "value": 8,
          "description": "",
          "traits": [],
          "sfx": [],
          "tags": [],
          "custom": {}
        },
        {
          "name": "Find a Dedicated Successor",
          "value": 8,
          "description": "",
          "traits": [],
          "sfx": [],
          "tags": [],
          "custom": {}
        }
      ],
      "sfx": [],
      "tags": [],
      "custom": {
        "cortexToolkit": {
          "features": {
            "description": true,
            "sfx": false,
            "subtraits": false
          },
          "location": "left",
          "style": {
            "header": "distinctions",
            "body": "default",
            "hasAttributes": false
          }
        }
      }
    },
    {
      "name": "Attributes",
      "description": "",
      "nounSingular": "Attribute",
      "nounPlural": "Attributes",
      "traits": [],
      "sfx": [],
      "tags": [],
      "custom": {
        "cortexToolkit": {
          "features": {
            "description": false,
            "sfx": false,
            "subtraits": false
          },
          "location": "attributes",
          "style": {
            "header": "attributes",
            "body": "attributes",
            "hasAttributes": false
          }
        }
      }
    },
    {
      "name": "Signature Assets",
      "description": "",
      "nounSingular": "Signature Asset",
      "nounPlural": "",
      "traits": [
        {
          "name": "Brawn",
          "value": 10,
          "description": "",
          "traits": [],
          "sfx": [],
          "tags": [],
          "custom": {}
        },
        {
          "name": "Composure",
          "value": 12,
          "description": "",
          "traits": [],
          "sfx": [],
          "tags": [],
          "custom": {}
        },
        {
          "name": "Vigilant Senses",
          "value": 6,
          "description": "",
          "traits": [],
          "sfx": [],
          "tags": [],
          "custom": {}
        },
        {
          "name": "Bite",
          "value": 6,
          "description": "",
          "traits": [],
          "sfx": [],
          "tags": [],
          "custom": {}
        },
        {
          "name": "Claw",
          "value": 6,
          "description": "",
          "traits": [],
          "sfx": [],
          "tags": [],
          "custom": {}
        }
      ],
      "sfx": [],
      "tags": [],
      "custom": {
        "cortexToolkit": {
          "features": {
            "description": true,
            "sfx": false,
            "subtraits": false
          },
          "location": "left",
          "style": {
            "header": "default",
            "body": "two-columns-compact",
            "hasAttributes": false
          }
        }
      }
    },
    {
      "name": "SFX",
      "description": "",
      "nounSingular": "SFX",
      "nounPlural": "",
      "traits": [
        {
          "name": "All-Out Attack",
          "value": 0,
          "description": "Spend a plot point to target multiple opponents when you roll to inflict Damaged stress. For each additional target, add D6 and keep an extra effect die.",
          "traits": null,
          "sfx": [],
          "tags": [],
          "custom": {}
        },
        {
          "name": "Regeneration",
          "value": 0,
          "description": "Unless you’ve been Damaged by fire or acid in this scene, step down your Damaged stress before you roll to create a complication, stress, or asset.",
          "traits": null,
          "sfx": [],
          "tags": [],
          "custom": {}
        }
      ],
      "sfx": [],
      "tags": [],
      "custom": {
        "cortexToolkit": {
          "features": {
            "description": true,
            "sfx": false,
            "subtraits": false
          },
          "location": "left",
          "style": {
            "header": "default",
            "body": "default",
            "hasAttributes": false
          }
        }
      }
    }
  ],
  "portrait": {
    "url": "https://upload.wikimedia.org/wikipedia/commons/thumb/3/3f/DnD_Troll.png/800px-DnD_Troll.png",
    "alt": "",
    "tags": [],
    "custom": {
      "cortexToolkit": {
        "alignment": "top-center"
      }
    }
  },
  "plotPoints": 0,
  "notes": "",
  "tags": [],
  "custom": {
    "cortexToolkit": {
      "style": {
        "hasAttributes": true
      }
    }
  }
}