{
  "$schema": "https://cortex.engard.me/data/cortex_character_schema.json",
  "version": "0.1",
  "id": "b30a2418-4c40-4fcc-8411-a07277ce7188",
  "dateCreated": "2024-04-12T18:56:04.892Z",
  "dateModified": "2024-04-12T18:56:04.892Z",
  "dateTouched": "2024-04-12T18:56:04.892Z",
  "name": "Berserker D8 D8 D8 D8",
  "game": "",
  "description": null,
  "pronouns": "",
  "traitSets": [
    {
      "name": "Drives",
      "description": "Two goals that often compete with each other for attention.",
      "nounSingular": "Drive",
      "nounPlural": "Distinctions",
      "traits": [
        {
          "name": "Savage My Foes",
          "value": 8,
          "description": "",
          "traits": [],
          "sfx": [],
          "tags": [],
          "custom": {}
        },
        {
          "name": "Be Unrestrained",
          "value": 8,
          "description": "",
          "traits": [],
          "sfx": [],
          "tags": [],
          "custom": {}
        }
      ],
      "sfx": [],
      "tags": [],
      "custom": {
        "cortexToolkit": {
          "features": {
            "description": true,
            "sfx": false,
            "subtraits": false
          },
          "location": "left",
          "style": {
            "header": "distinctions",
            "body": "default",
            "hasAttributes": false
          }
        }
      }
    },
    {
      "name": "Attributes",
      "description": "",
      "nounSingular": "Attribute",
      "nounPlural": "Attributes",
      "traits": [],
      "sfx": [],
      "tags": [],
      "custom": {
        "cortexToolkit": {
          "features": {
            "description": false,
            "sfx": false,
            "subtraits": false
          },
          "location": "attributes",
          "style": {
            "header": "attributes",
            "body": "attributes",
            "hasAttributes": false
          }
        }
      }
    },
    {
      "name": "Signature Assets",
      "description": "",
      "nounSingular": "Signature Asset",
      "nounPlural": "",
      "traits": [
        {
          "name": "Greataxe",
          "value": 12,
          "description": "",
          "traits": [],
          "sfx": [],
          "tags": [],
          "custom": {}
        }
      ],
      "sfx": [],
      "tags": [],
      "custom": {
        "cortexToolkit": {
          "features": {
            "description": true,
            "sfx": false,
            "subtraits": false
          },
          "location": "left",
          "style": {
            "header": "default",
            "body": "two-columns-compact",
            "hasAttributes": false
          }
        }
      }
    },
    {
      "name": "SFX",
      "description": "",
      "nounSingular": "SFX",
      "nounPlural": "",
      "traits": [
        {
          "name": "Berserker’s Rage",
          "value": 0,
          "description": "Gain the complication Enraged D6 and earn a plot point. When you roll to inflict Damaged or perform a feat of strength, you can spend a plot point to add Enraged to your pool. After the roll is resolved, step up Enraged.",
          "traits": null,
          "sfx": [],
          "tags": [],
          "custom": {}
        }
      ],
      "sfx": [],
      "tags": [],
      "custom": {
        "cortexToolkit": {
          "features": {
            "description": true,
            "sfx": false,
            "subtraits": false
          },
          "location": "left",
          "style": {
            "header": "default",
            "body": "default",
            "hasAttributes": false
          }
        }
      }
    }
  ],
  "portrait": {
    "url": "",
    "alt": "",
    "tags": [],
    "custom": {
      "cortexToolkit": {
        "alignment": "top-center"
      }
    }
  },
  "plotPoints": 0,
  "notes": "",
  "tags": [],
  "custom": {
    "cortexToolkit": {
      "style": {
        "hasAttributes": true
      }
    }
  }
}