{
  "$schema": "https://cortex.engard.me/data/cortex_character_schema.json",
  "version": "0.1",
  "id": "e89e5ac5-fe39-4982-b5bc-4218735e3323",
  "dateCreated": "2024-04-12T18:56:05.358Z",
  "dateModified": "2024-04-12T18:56:05.358Z",
  "dateTouched": "2024-04-12T18:56:05.358Z",
  "name": "Bronze Dragon Wyrmling D8 D8 D8 D8",
  "game": "",
  "description": null,
  "pronouns": "",
  "traitSets": [
    {
      "name": "Drives",
      "description": "Two goals that often compete with each other for attention.",
      "nounSingular": "Drive",
      "nounPlural": "Distinctions",
      "traits": [
        {
          "name": "Scavenge the Seas for Sunken Treasure",
          "value": 8,
          "description": "",
          "traits": [],
          "sfx": [],
          "tags": [],
          "custom": {}
        },
        {
          "name": "Ensure Order, Honor, & Law Above True Justice",
          "value": 8,
          "description": "",
          "traits": [],
          "sfx": [],
          "tags": [],
          "custom": {}
        }
      ],
      "sfx": [],
      "tags": [],
      "custom": {
        "cortexToolkit": {
          "features": {
            "description": true,
            "sfx": false,
            "subtraits": false
          },
          "location": "left",
          "style": {
            "header": "distinctions",
            "body": "default",
            "hasAttributes": false
          }
        }
      }
    },
    {
      "name": "Attributes",
      "description": "",
      "nounSingular": "Attribute",
      "nounPlural": "Attributes",
      "traits": [],
      "sfx": [],
      "tags": [],
      "custom": {
        "cortexToolkit": {
          "features": {
            "description": false,
            "sfx": false,
            "subtraits": false
          },
          "location": "attributes",
          "style": {
            "header": "attributes",
            "body": "attributes",
            "hasAttributes": false
          }
        }
      }
    },
    {
      "name": "Signature Assets",
      "description": "",
      "nounSingular": "Signature Asset",
      "nounPlural": "",
      "traits": [
        {
          "name": "Perception",
          "value": 6,
          "description": "",
          "traits": [],
          "sfx": [],
          "tags": [],
          "custom": {}
        },
        {
          "name": "Stealth",
          "value": 6,
          "description": "",
          "traits": [],
          "sfx": [],
          "tags": [],
          "custom": {}
        },
        {
          "name": "Bite",
          "value": 10,
          "description": "",
          "traits": [],
          "sfx": [],
          "tags": [],
          "custom": {}
        }
      ],
      "sfx": [],
      "tags": [],
      "custom": {
        "cortexToolkit": {
          "features": {
            "description": true,
            "sfx": false,
            "subtraits": false
          },
          "location": "left",
          "style": {
            "header": "default",
            "body": "two-columns-compact",
            "hasAttributes": false
          }
        }
      }
    },
    {
      "name": "SFX",
      "description": "",
      "nounSingular": "SFX",
      "nounPlural": "",
      "traits": [
        {
          "name": "Immunities",
          "value": 0,
          "description": "When a roll would inflict stress or a complication on you from lightning, step down that roll’s effect die against you. You can also spend a plot point to ignore the stress or complication entirely.",
          "traits": null,
          "sfx": [],
          "tags": [],
          "custom": {}
        },
        {
          "name": "Underwater Adaptation",
          "value": 0,
          "description": "Spend a plot point to gain a D8 Amphibious asset. While you have this asset, you can breathe both air and water, and you swim as fast as you can walk.",
          "traits": null,
          "sfx": [],
          "tags": [],
          "custom": {}
        }
      ],
      "sfx": [],
      "tags": [],
      "custom": {
        "cortexToolkit": {
          "features": {
            "description": true,
            "sfx": false,
            "subtraits": false
          },
          "location": "left",
          "style": {
            "header": "default",
            "body": "default",
            "hasAttributes": false
          }
        }
      }
    },
    {
      "name": "SFX",
      "description": "",
      "nounSingular": "SFX",
      "nounPlural": "",
      "traits": [
        {
          "name": "Lightning Breath",
          "value": 0,
          "description": "Spend a plot point to target multiple opponents when you roll to inflict Damaged stress. For each additional target, add D8 and keep an extra effect die, then shut down this SFX.",
          "traits": null,
          "sfx": [],
          "tags": [],
          "custom": {}
        }
      ],
      "sfx": [],
      "tags": [],
      "custom": {
        "cortexToolkit": {
          "features": {
            "description": true,
            "sfx": false,
            "subtraits": false
          },
          "location": "right",
          "style": {
            "header": "default",
            "body": "default",
            "hasAttributes": false
          }
        }
      }
    }
  ],
  "portrait": {
    "url": "https://upload.wikimedia.org/wikipedia/commons/thumb/9/9a/DnD_Dragon.png/1024px-DnD_Dragon.png",
    "alt": "",
    "tags": [],
    "custom": {
      "cortexToolkit": {
        "alignment": "top-center"
      }
    }
  },
  "plotPoints": 0,
  "notes": "",
  "tags": [],
  "custom": {
    "cortexToolkit": {
      "style": {
        "hasAttributes": true
      }
    }
  }
}