{
  "$schema": "https://cortex.engard.me/data/cortex_character_schema.json",
  "version": "0.1",
  "id": "af97e3dd-dc3f-493d-981a-8403196eb4f4",
  "dateCreated": "2024-04-12T18:56:14.465Z",
  "dateModified": "2024-04-12T18:56:14.465Z",
  "dateTouched": "2024-04-12T18:56:14.465Z",
  "name": "Mine Sentinel (Fungal Dwarf) D6",
  "game": "",
  "description": null,
  "pronouns": "",
  "traitSets": [
    {
      "name": "Drives",
      "description": "Two goals that often compete with each other for attention.",
      "nounSingular": "Drive",
      "nounPlural": "Distinctions",
      "traits": [
        {
          "name": "Keep Out Trespassers",
          "value": 8,
          "description": "",
          "traits": [],
          "sfx": [],
          "tags": [],
          "custom": {}
        },
        {
          "name": "KNow The Breadth of Every Vein",
          "value": 8,
          "description": "",
          "traits": [],
          "sfx": [],
          "tags": [],
          "custom": {}
        }
      ],
      "sfx": [],
      "tags": [],
      "custom": {
        "cortexToolkit": {
          "features": {
            "description": true,
            "sfx": false,
            "subtraits": false
          },
          "location": "left",
          "style": {
            "header": "distinctions",
            "body": "default",
            "hasAttributes": false
          }
        }
      }
    },
    {
      "name": "Attributes",
      "description": "",
      "nounSingular": "Attribute",
      "nounPlural": "Attributes",
      "traits": [],
      "sfx": [],
      "tags": [],
      "custom": {
        "cortexToolkit": {
          "features": {
            "description": false,
            "sfx": false,
            "subtraits": false
          },
          "location": "attributes",
          "style": {
            "header": "attributes",
            "body": "attributes",
            "hasAttributes": false
          }
        }
      }
    },
    {
      "name": "Signature Assets",
      "description": "",
      "nounSingular": "Signature Asset",
      "nounPlural": "",
      "traits": [
        {
          "name": "Investigation",
          "value": 6,
          "description": "",
          "traits": [],
          "sfx": [],
          "tags": [],
          "custom": {}
        },
        {
          "name": "Perception",
          "value": 6,
          "description": "",
          "traits": [],
          "sfx": [],
          "tags": [],
          "custom": {}
        },
        {
          "name": "Stealth",
          "value": 6,
          "description": "",
          "traits": [],
          "sfx": [],
          "tags": [],
          "custom": {}
        },
        {
          "name": "War Pick",
          "value": 8,
          "description": "",
          "traits": [],
          "sfx": [],
          "tags": [],
          "custom": {}
        },
        {
          "name": "Poisoned Dart",
          "value": 4,
          "description": "",
          "traits": [],
          "sfx": [],
          "tags": [],
          "custom": {}
        },
        {
          "name": "Innate Spells: nondetection (self only), blindness/deafness, blur, disguise self",
          "value": 6,
          "description": "",
          "traits": [],
          "sfx": [],
          "tags": [],
          "custom": {}
        }
      ],
      "sfx": [],
      "tags": [],
      "custom": {
        "cortexToolkit": {
          "features": {
            "description": true,
            "sfx": false,
            "subtraits": false
          },
          "location": "left",
          "style": {
            "header": "default",
            "body": "two-columns-compact",
            "hasAttributes": false
          }
        }
      }
    },
    {
      "name": "SFX",
      "description": "",
      "nounSingular": "SFX",
      "nounPlural": "",
      "traits": [
        {
          "name": "Stone Camouflage",
          "value": 0,
          "description": "double Stealth in rocky terrain.",
          "traits": null,
          "sfx": [],
          "tags": [],
          "custom": {}
        },
        {
          "name": "Magical Cunning",
          "value": 0,
          "description": "When you roll to avoid complications or non-Damaged stress from magic. Step down that roll’s effect die against you. You can also spend a plot point to ignore the stress or complication entirely.",
          "traits": null,
          "sfx": [],
          "tags": [],
          "custom": {}
        }
      ],
      "sfx": [],
      "tags": [],
      "custom": {
        "cortexToolkit": {
          "features": {
            "description": true,
            "sfx": false,
            "subtraits": false
          },
          "location": "left",
          "style": {
            "header": "default",
            "body": "default",
            "hasAttributes": false
          }
        }
      }
    }
  ],
  "portrait": {
    "url": "",
    "alt": "",
    "tags": [],
    "custom": {
      "cortexToolkit": {
        "alignment": "top-center"
      }
    }
  },
  "plotPoints": 0,
  "notes": "",
  "tags": [],
  "custom": {
    "cortexToolkit": {
      "style": {
        "hasAttributes": true
      }
    }
  }
}