{
  "$schema": "https://cortex.engard.me/data/cortex_character_schema.json",
  "version": "0.1",
  "id": "88ff988a-0cce-45d5-990a-60e94618391f",
  "dateCreated": "2024-04-12T18:56:14.538Z",
  "dateModified": "2024-04-12T18:56:14.538Z",
  "dateTouched": "2024-04-12T18:56:14.538Z",
  "name": "Remorhaz D10 D10 D10",
  "game": "",
  "description": null,
  "pronouns": "",
  "traitSets": [
    {
      "name": "Drives",
      "description": "Two goals that often compete with each other for attention.",
      "nounSingular": "Drive",
      "nounPlural": "Distinctions",
      "traits": [
        {
          "name": "Luire Victims to My Ice Caves",
          "value": 8,
          "description": "",
          "traits": [],
          "sfx": [],
          "tags": [],
          "custom": {}
        },
        {
          "name": "Live in Harmony With My Community",
          "value": 8,
          "description": "",
          "traits": [],
          "sfx": [],
          "tags": [],
          "custom": {}
        }
      ],
      "sfx": [],
      "tags": [],
      "custom": {
        "cortexToolkit": {
          "features": {
            "description": true,
            "sfx": false,
            "subtraits": false
          },
          "location": "left",
          "style": {
            "header": "distinctions",
            "body": "default",
            "hasAttributes": false
          }
        }
      }
    },
    {
      "name": "Attributes",
      "description": "",
      "nounSingular": "Attribute",
      "nounPlural": "Attributes",
      "traits": [],
      "sfx": [],
      "tags": [],
      "custom": {
        "cortexToolkit": {
          "features": {
            "description": false,
            "sfx": false,
            "subtraits": false
          },
          "location": "attributes",
          "style": {
            "header": "attributes",
            "body": "attributes",
            "hasAttributes": false
          }
        }
      }
    },
    {
      "name": "Signature Assets",
      "description": "",
      "nounSingular": "Signature Asset",
      "nounPlural": "",
      "traits": [
        {
          "name": "Brawn",
          "value": 12,
          "description": "",
          "traits": [],
          "sfx": [],
          "tags": [],
          "custom": {}
        },
        {
          "name": "Composure",
          "value": 12,
          "description": "",
          "traits": [],
          "sfx": [],
          "tags": [],
          "custom": {}
        },
        {
          "name": "Bite",
          "value": 10,
          "description": "",
          "traits": [],
          "sfx": [],
          "tags": [],
          "custom": {}
        }
      ],
      "sfx": [],
      "tags": [],
      "custom": {
        "cortexToolkit": {
          "features": {
            "description": true,
            "sfx": false,
            "subtraits": false
          },
          "location": "left",
          "style": {
            "header": "default",
            "body": "two-columns-compact",
            "hasAttributes": false
          }
        }
      }
    },
    {
      "name": "SFX",
      "description": "",
      "nounSingular": "SFX",
      "nounPlural": "",
      "traits": [
        {
          "name": "Immunities",
          "value": 0,
          "description": "When a roll would inflict stress or a complication on you from cold or fire, step down that roll’s effect die against you. You can also spend a plot point to ignore the stress or complication entirely.",
          "traits": null,
          "sfx": [],
          "tags": [],
          "custom": {}
        },
        {
          "name": "Punishing Aura",
          "value": 0,
          "description": "When a foe who is close enough to touch you fails a roll to inflict Damaged stress on you with a metal weapon, spend a plot point to inflict D6 Damaged stress on that foe, in addition to any other consequence of failure.",
          "traits": null,
          "sfx": [],
          "tags": [],
          "custom": {}
        }
      ],
      "sfx": [],
      "tags": [],
      "custom": {
        "cortexToolkit": {
          "features": {
            "description": true,
            "sfx": false,
            "subtraits": false
          },
          "location": "left",
          "style": {
            "header": "default",
            "body": "default",
            "hasAttributes": false
          }
        }
      }
    }
  ],
  "portrait": {
    "url": "",
    "alt": "",
    "tags": [],
    "custom": {
      "cortexToolkit": {
        "alignment": "top-center"
      }
    }
  },
  "plotPoints": 0,
  "notes": "",
  "tags": [],
  "custom": {
    "cortexToolkit": {
      "style": {
        "hasAttributes": true
      }
    }
  }
}